WebAssembly,TypeScript,JavaScript,Browser
0.0,0.0,0.0,Chrome
0.0,0.0,0.0,Chrome
0.0,0.0,0.0,Chrome
0.0,0.0,0.0,Chrome
0.0,0.0,0.0,Chrome
0.0,0.0,0.0,Chrome
0.0,0.0,0.0,Chrome
0.0,0.0,0.0,Chrome
0.0,1.0,0.0,Chrome
0.0,0.3333333333333333,0.0,Chrome
0.3333333333333333,0.3333333333333333,0.0,Chrome
0.0,0.6666666666666666,0.0,Chrome
0.3333333333333333,0.6666666666666666,0.0,Chrome
0.0,0.6666666666666666,0.0,Chrome
0.0,1.0,0.6666666666666666,Chrome
0.3333333333333333,1.0,0.6666666666666666,Chrome
0.0,1.0,1.0,Chrome
0.3333333333333333,2.0,0.0,Chrome
0.3333333333333333,1.6666666666666667,0.3333333333333333,Chrome
0.0,2.0,0.0,Chrome
0.6666666666666666,1.6666666666666667,0.3333333333333333,Chrome
0.3333333333333333,2.3333333333333335,1.3333333333333333,Chrome
0.3333333333333333,1.6666666666666667,1.0,Chrome
0.3333333333333333,1.3333333333333333,1.0,Chrome
1.0,2.0,1.0,Chrome
0.3333333333333333,2.0,1.0,Chrome
0.3333333333333333,2.3333333333333335,1.0,Chrome
1.0,2.6666666666666665,1.3333333333333333,Chrome
0.3333333333333333,1.6666666666666667,1.3333333333333333,Chrome
1.0,2.0,1.0,Chrome
0.6666666666666666,2.0,1.0,Chrome
1.0,2.0,1.6666666666666667,Chrome
1.3333333333333333,2.0,1.6666666666666667,Chrome
0.6666666666666666,2.0,2.0,Chrome
1.0,2.3333333333333335,2.3333333333333335,Chrome
1.6666666666666667,3.0,2.0,Chrome
1.6666666666666667,3.0,2.3333333333333335,Chrome
2.0,3.3333333333333335,2.3333333333333335,Chrome
2.0,4.333333333333333,3.0,Chrome
2.0,4.0,3.0,Chrome
2.0,4.0,3.0,Chrome
2.0,4.333333333333333,3.0,Chrome
2.0,5.0,4.0,Chrome
2.3333333333333335,5.0,4.0,Chrome
2.3333333333333335,5.0,3.6666666666666665,Chrome
2.3333333333333335,6.333333333333333,4.333333333333333,Chrome
2.3333333333333335,6.333333333333333,5.0,Chrome
2.6666666666666665,6.333333333333333,4.666666666666667,Chrome
2.0,6.333333333333333,5.333333333333333,Chrome
2.3333333333333335,7.333333333333333,5.0,Chrome
2.6666666666666665,7.333333333333333,5.0,Chrome
2.3333333333333335,8.0,5.666666666666667,Chrome
2.3333333333333335,8.0,6.0,Chrome
2.6666666666666665,10.0,6.666666666666667,Chrome
2.3333333333333335,9.0,7.666666666666667,Chrome
3.0,10.0,7.333333333333333,Chrome
3.0,10.333333333333334,10.0,Chrome
3.0,11.0,7.0,Chrome
3.6666666666666665,12.0,9.0,Chrome
3.3333333333333335,12.333333333333334,12.666666666666666,Chrome
3.6666666666666665,13.666666666666666,9.0,Chrome
3.0,15.333333333333334,9.666666666666666,Chrome
4.0,13.666666666666666,12.666666666666666,Chrome
4.0,14.666666666666666,10.0,Chrome
4.666666666666667,15.333333333333334,12.0,Chrome
4.666666666666667,15.666666666666666,15.0,Chrome
4.333333333333333,16.333333333333332,14.0,Chrome
4.666666666666667,16.333333333333332,15.333333333333334,Chrome
5.333333333333333,17.333333333333332,14.666666666666666,Chrome
5.666666666666667,18.666666666666668,16.0,Chrome
5.666666666666667,19.666666666666668,15.0,Chrome
5.666666666666667,20.666666666666668,14.666666666666666,Chrome
6.333333333333333,21.333333333333332,15.333333333333334,Chrome
6.333333333333333,22.666666666666668,17.333333333333332,Chrome
6.666666666666667,22.333333333333332,18.333333333333332,Chrome
6.666666666666667,24.0,18.0,Chrome
7.0,24.666666666666668,18.0,Chrome
7.666666666666667,25.666666666666668,19.0,Chrome
7.666666666666667,26.333333333333332,21.0,Chrome
8.333333333333334,27.0,20.666666666666668,Chrome
8.333333333333334,28.333333333333332,23.0,Chrome
8.666666666666666,32.333333333333336,27.0,Chrome
9.0,35.333333333333336,23.0,Chrome
9.333333333333334,31.333333333333332,25.0,Chrome
9.666666666666666,33.0,27.0,Chrome
9.666666666666666,34.333333333333336,26.666666666666668,Chrome
10.666666666666666,35.666666666666664,30.666666666666668,Chrome
10.666666666666666,36.333333333333336,28.666666666666668,Chrome
10.333333333333334,39.333333333333336,30.0,Chrome
11.333333333333334,39.333333333333336,30.333333333333332,Chrome
11.666666666666666,41.0,31.666666666666668,Chrome
12.333333333333334,42.0,34.666666666666664,Chrome
12.666666666666666,43.666666666666664,34.0,Chrome
12.666666666666666,45.666666666666664,36.333333333333336,Chrome
13.666666666666666,46.0,36.0,Chrome
14.0,47.333333333333336,36.0,Chrome
14.333333333333334,48.666666666666664,39.0,Chrome
14.666666666666666,50.333333333333336,38.666666666666664,Chrome
15.0,51.0,40.0,Chrome
15.0,54.333333333333336,42.0,Chrome
16.666666666666668,55.333333333333336,41.333333333333336,Chrome
16.666666666666668,56.333333333333336,46.0,Chrome
17.0,58.0,44.0,Chrome
18.0,59.666666666666664,45.0,Chrome
18.333333333333332,63.0,46.333333333333336,Chrome
18.333333333333332,65.33333333333333,49.333333333333336,Chrome
19.333333333333332,66.66666666666667,50.666666666666664,Chrome
19.666666666666668,66.66666666666667,49.666666666666664,Chrome
20.333333333333332,68.33333333333333,51.666666666666664,Chrome
21.333333333333332,71.0,53.0,Chrome
21.0,72.66666666666667,55.333333333333336,Chrome
22.0,74.33333333333333,58.333333333333336,Chrome
23.0,76.0,58.0,Chrome
23.0,77.66666666666667,59.666666666666664,Chrome
23.666666666666668,77.33333333333333,61.333333333333336,Chrome
24.333333333333332,82.66666666666667,62.333333333333336,Chrome
24.333333333333332,85.33333333333333,67.0,Chrome
26.333333333333332,88.33333333333333,67.0,Chrome
26.333333333333332,89.33333333333333,67.66666666666667,Chrome
27.333333333333332,91.33333333333333,69.0,Chrome
27.666666666666668,90.33333333333333,68.33333333333333,Chrome
28.333333333333332,92.66666666666667,71.66666666666667,Chrome
29.333333333333332,98.0,75.0,Chrome
30.0,102.33333333333333,77.66666666666667,Chrome
30.0,103.66666666666667,78.33333333333333,Chrome
31.333333333333332,107.0,78.66666666666667,Chrome
31.333333333333332,105.66666666666667,80.0,Chrome
32.666666666666664,107.33333333333333,78.66666666666667,Chrome
33.333333333333336,110.66666666666667,82.33333333333333,Chrome
34.333333333333336,116.66666666666667,95.0,Chrome
35.0,118.0,89.0,Chrome
35.666666666666664,123.0,92.33333333333333,Chrome
36.333333333333336,126.0,94.33333333333333,Chrome
37.333333333333336,121.0,92.0,Chrome
37.666666666666664,125.33333333333333,92.0,Chrome
39.0,128.66666666666666,95.0,Chrome
39.666666666666664,137.33333333333334,107.33333333333333,Chrome
40.666666666666664,140.66666666666666,103.66666666666667,Chrome
41.666666666666664,143.33333333333334,114.0,Chrome
42.666666666666664,143.0,102.33333333333333,Chrome
43.666666666666664,144.33333333333334,106.33333333333333,Chrome
44.0,148.33333333333334,106.66666666666667,Chrome
45.333333333333336,150.66666666666666,111.0,Chrome
47.0,161.33333333333334,120.0,Chrome
47.333333333333336,164.33333333333334,123.0,Chrome
48.333333333333336,167.66666666666666,126.0,Chrome
49.333333333333336,164.0,118.33333333333333,Chrome
50.333333333333336,165.0,123.0,Chrome
51.0,172.33333333333334,125.66666666666667,Chrome
52.666666666666664,177.33333333333334,126.66666666666667,Chrome
53.666666666666664,188.66666666666666,136.0,Chrome
54.666666666666664,194.33333333333334,142.33333333333334,Chrome
55.333333333333336,194.0,140.33333333333334,Chrome
57.333333333333336,192.0,135.66666666666666,Chrome
57.333333333333336,195.0,140.33333333333334,Chrome
59.333333333333336,198.33333333333334,142.33333333333334,Chrome
60.333333333333336,198.66666666666666,144.66666666666666,Chrome
61.0,220.0,156.33333333333334,Chrome
62.666666666666664,216.66666666666666,159.33333333333334,Chrome
64.33333333333333,211.0,156.0,Chrome
65.0,212.66666666666666,161.0,Chrome
66.33333333333333,220.33333333333334,158.0,Chrome
68.0,222.0,161.0,Chrome
68.66666666666667,227.0,163.0,Chrome
70.0,244.66666666666666,180.66666666666666,Chrome
72.0,248.66666666666666,179.33333333333334,Chrome
73.33333333333333,236.66666666666666,176.66666666666666,Chrome
75.0,246.66666666666666,178.33333333333334,Chrome
76.33333333333333,249.66666666666666,178.66666666666666,Chrome
77.0,253.33333333333334,187.0,Chrome
77.0,256.3333333333333,190.0,Chrome
81.0,282.6666666666667,201.66666666666666,Chrome
82.33333333333333,275.6666666666667,204.33333333333334,Chrome
84.33333333333333,273.0,196.66666666666666,Chrome
86.33333333333333,272.6666666666667,201.66666666666666,Chrome
86.66666666666667,290.0,203.0,Chrome
86.66666666666667,282.6666666666667,212.66666666666666,Chrome
89.33333333333333,294.6666666666667,215.66666666666666,Chrome
91.66666666666667,323.3333333333333,226.66666666666666,Chrome
93.0,328.3333333333333,226.66666666666666,Chrome
94.66666666666667,307.3333333333333,217.0,Chrome
97.0,315.0,228.66666666666666,Chrome
96.66666666666667,313.6666666666667,224.33333333333334,Chrome
99.33333333333333,320.0,235.66666666666666,Chrome
98.0,326.6666666666667,234.66666666666666,Chrome
104.66666666666667,358.3333333333333,256.3333333333333,Chrome
105.33333333333333,346.0,249.33333333333334,Chrome
107.0,342.6666666666667,249.33333333333334,Chrome
110.0,344.3333333333333,257.0,Chrome
107.33333333333333,347.6666666666667,253.33333333333334,Chrome
108.66666666666667,359.0,263.6666666666667,Chrome
109.66666666666667,372.0,263.6666666666667,Chrome
117.0,397.3333333333333,289.3333333333333,Chrome
119.66666666666667,385.6666666666667,285.3333333333333,Chrome
120.33333333333333,381.0,281.6666666666667,Chrome
122.66666666666667,394.3333333333333,280.0,Chrome
119.66666666666667,393.0,280.6666666666667,Chrome
121.0,410.3333333333333,288.3333333333333,Chrome
123.66666666666667,407.0,296.3333333333333,Chrome
131.0,449.3333333333333,317.3333333333333,Chrome
133.0,413.6666666666667,314.0,Chrome
136.33333333333334,418.3333333333333,306.0,Chrome
133.33333333333334,440.0,311.0,Chrome
133.66666666666666,466.0,318.0,Chrome
136.66666666666666,451.3333333333333,320.0,Chrome
139.0,462.0,322.0,Chrome
148.0,484.6666666666667,360.6666666666667,Chrome
152.0,459.6666666666667,337.0,Chrome
152.66666666666666,463.3333333333333,345.6666666666667,Chrome
149.0,491.0,349.0,Chrome
149.66666666666666,495.3333333333333,355.0,Chrome
152.66666666666666,503.3333333333333,355.3333333333333,Chrome
155.0,492.3333333333333,364.3333333333333,Chrome
162.66666666666666,542.0,397.0,Chrome
167.66666666666666,512.6666666666666,375.6666666666667,Chrome
168.33333333333334,527.3333333333334,374.6666666666667,Chrome
164.33333333333334,532.0,387.3333333333333,Chrome
165.66666666666666,549.0,387.6666666666667,Chrome
168.66666666666666,539.6666666666666,389.6666666666667,Chrome
170.66666666666666,545.3333333333334,399.6666666666667,Chrome
182.66666666666666,595.3333333333334,432.6666666666667,Chrome
186.66666666666666,562.6666666666666,408.0,Chrome
182.66666666666666,588.0,421.0,Chrome
182.66666666666666,593.6666666666666,419.3333333333333,Chrome
185.33333333333334,608.3333333333334,430.3333333333333,Chrome
187.66666666666666,595.3333333333334,431.6666666666667,Chrome
192.0,617.0,442.3333333333333,Chrome
203.33333333333334,652.3333333333334,477.0,Chrome
206.0,638.0,444.6666666666667,Chrome
198.66666666666666,643.0,450.0,Chrome
200.33333333333334,658.3333333333334,461.3333333333333,Chrome
204.33333333333334,645.0,464.0,Chrome
205.66666666666666,665.3333333333334,475.3333333333333,Chrome
208.66666666666666,681.6666666666666,477.0,Chrome
225.0,709.0,520.6666666666666,Chrome
226.66666666666666,683.6666666666666,492.6666666666667,Chrome
218.33333333333334,697.3333333333334,495.6666666666667,Chrome
220.33333333333334,722.6666666666666,501.6666666666667,Chrome
223.33333333333334,740.3333333333334,515.0,Chrome
227.0,732.0,516.0,Chrome
231.33333333333334,750.3333333333334,516.6666666666666,Chrome
245.33333333333334,781.6666666666666,562.0,Chrome
246.33333333333334,748.0,532.6666666666666,Chrome
239.66666666666666,762.6666666666666,544.0,Chrome
243.0,777.0,547.0,Chrome
246.33333333333334,782.3333333333334,552.6666666666666,Chrome
253.33333333333334,799.0,561.0,Chrome
253.0,798.0,578.3333333333334,Chrome
273.0,836.3333333333334,598.3333333333334,Chrome
267.3333333333333,837.6666666666666,584.0,Chrome
263.0,843.6666666666666,597.0,Chrome
266.6666666666667,835.3333333333334,595.0,Chrome
270.0,858.6666666666666,612.6666666666666,Chrome
273.3333333333333,858.3333333333334,608.3333333333334,Chrome
275.6666666666667,876.0,614.3333333333334,Chrome
295.3333333333333,929.3333333333334,651.6666666666666,Chrome
292.0,896.0,630.0,Chrome
284.6666666666667,909.6666666666666,639.6666666666666,Chrome
289.3333333333333,908.6666666666666,648.6666666666666,Chrome
293.6666666666667,918.6666666666666,655.3333333333334,Chrome
299.3333333333333,921.3333333333334,659.0,Chrome
302.0,970.0,667.0,Chrome
322.3333333333333,1001.0,708.6666666666666,Chrome
313.6666666666667,964.3333333333334,684.3333333333334,Chrome
313.0,967.6666666666666,690.6666666666666,Chrome
315.6666666666667,994.6666666666666,701.3333333333334,Chrome
320.6666666666667,1006.0,706.6666666666666,Chrome
323.6666666666667,1007.3333333333334,719.6666666666666,Chrome
330.3333333333333,1036.6666666666667,729.3333333333334,Chrome
353.6666666666667,1075.3333333333333,758.3333333333334,Chrome
338.6666666666667,1036.6666666666667,738.0,Chrome
339.3333333333333,1067.0,758.6666666666666,Chrome
344.0,1098.0,759.3333333333334,Chrome
347.3333333333333,1122.0,771.3333333333334,Chrome
354.0,1106.6666666666667,770.3333333333334,Chrome
357.6666666666667,1113.0,788.0,Chrome
379.0,1159.3333333333333,812.3333333333334,Chrome
365.6666666666667,1126.6666666666667,801.0,Chrome
368.0,1140.0,807.6666666666666,Chrome
372.6666666666667,1180.0,817.6666666666666,Chrome
378.3333333333333,1180.3333333333333,823.6666666666666,Chrome
380.3333333333333,1184.3333333333333,839.6666666666666,Chrome
385.3333333333333,1220.3333333333333,852.3333333333334,Chrome
413.3333333333333,1261.0,891.6666666666666,Chrome
392.3333333333333,1278.6666666666667,857.0,Chrome
397.0,1229.0,871.0,Chrome
399.6666666666667,1268.3333333333333,882.0,Chrome
404.3333333333333,1244.3333333333333,891.0,Chrome
411.0,1279.3333333333333,913.6666666666666,Chrome
417.0,1281.0,911.3333333333334,Chrome
449.6666666666667,1330.0,974.3333333333334,Chrome
424.0,1298.0,926.6666666666666,Chrome
429.0,1340.0,935.3333333333334,Chrome
435.6666666666667,1369.6666666666667,948.3333333333334,Chrome
440.6666666666667,1357.3333333333333,962.6666666666666,Chrome
444.6666666666667,1366.0,966.6666666666666,Chrome
447.0,1379.3333333333333,989.6666666666666,Chrome
476.3333333333333,1420.0,1026.6666666666667,Chrome
459.3333333333333,1423.0,1012.6666666666666,Chrome
464.6666666666667,1439.6666666666667,1012.0,Chrome
467.6666666666667,1428.3333333333333,1019.0,Chrome
473.6666666666667,1446.0,1028.0,Chrome
478.3333333333333,1450.3333333333333,1050.3333333333333,Chrome
483.3333333333333,1526.3333333333333,1046.6666666666667,Chrome
515.0,1548.6666666666667,1086.6666666666667,Chrome
489.6666666666667,1509.0,1067.3333333333333,Chrome
495.6666666666667,1545.3333333333333,1091.6666666666667,Chrome
506.6666666666667,1553.6666666666667,1098.6666666666667,Chrome
509.3333333333333,1570.0,1125.0,Chrome
516.0,1609.6666666666667,1115.0,Chrome
519.0,1582.0,1121.3333333333333,Chrome
549.6666666666666,1648.3333333333333,1183.3333333333333,Chrome
531.3333333333334,1632.3333333333333,1144.3333333333333,Chrome
534.0,1669.0,1156.6666666666667,Chrome
544.0,1642.0,1168.3333333333333,Chrome
546.6666666666666,1679.3333333333333,1177.0,Chrome
551.0,1696.3333333333333,1193.0,Chrome
553.6666666666666,1706.0,1203.6666666666667,Chrome
586.0,1731.6666666666667,1242.6666666666667,Chrome
564.6666666666666,1723.0,1226.6666666666667,Chrome
572.3333333333334,1758.3333333333333,1230.0,Chrome
578.6666666666666,1764.3333333333333,1249.3333333333333,Chrome
588.0,1821.0,1266.0,Chrome
589.0,1886.6666666666667,1267.3333333333333,Chrome
595.6666666666666,1842.0,1289.6666666666667,Chrome
626.0,1870.6666666666667,1327.3333333333333,Chrome
603.6666666666666,1839.6666666666667,1307.0,Chrome
612.0,1867.0,1321.0,Chrome
616.3333333333334,1889.6666666666667,1335.3333333333333,Chrome
621.3333333333334,1896.3333333333333,1348.6666666666667,Chrome
625.6666666666666,1926.6666666666667,1377.6666666666667,Chrome
633.6666666666666,1969.0,1383.3333333333333,Chrome
665.6666666666666,2018.3333333333333,1412.6666666666667,Chrome
641.3333333333334,1965.6666666666667,1399.0,Chrome
648.0,1964.3333333333333,1410.0,Chrome
652.6666666666666,2015.6666666666667,1425.0,Chrome
660.0,1988.3333333333333,1439.6666666666667,Chrome
669.6666666666666,2042.3333333333333,1453.6666666666667,Chrome
675.0,2069.6666666666665,1474.0,Chrome
709.3333333333334,2138.3333333333335,1514.0,Chrome
683.3333333333334,2135.6666666666665,1500.3333333333333,Chrome
692.6666666666666,2141.6666666666665,1507.3333333333333,Chrome
697.3333333333334,2153.0,1535.0,Chrome
705.0,2156.0,1538.3333333333333,Chrome
712.3333333333334,2200.0,1542.3333333333333,Chrome
714.0,2191.0,1563.0,Chrome
749.6666666666666,2251.0,1626.3333333333333,Chrome
730.3333333333334,2241.6666666666665,1588.0,Chrome
736.3333333333334,2249.0,1613.0,Chrome
741.6666666666666,2305.3333333333335,1615.3333333333333,Chrome
747.0,2329.3333333333335,1623.6666666666667,Chrome
754.6666666666666,2273.6666666666665,1647.0,Chrome
761.0,2359.6666666666665,1662.3333333333333,Chrome
792.3333333333334,2389.6666666666665,1706.6666666666667,Chrome
769.6666666666666,2375.3333333333335,1723.3333333333333,Chrome
777.3333333333334,2417.6666666666665,1705.3333333333333,Chrome
787.3333333333334,2387.3333333333335,1721.6666666666667,Chrome
790.0,2551.3333333333335,1738.3333333333333,Chrome
795.6666666666666,2578.0,1743.0,Chrome
807.3333333333334,2539.3333333333335,1773.6666666666667,Chrome
842.6666666666666,2560.3333333333335,1802.3333333333333,Chrome
816.3333333333334,2640.6666666666665,1795.3333333333333,Chrome
821.0,2570.6666666666665,1813.3333333333333,Chrome
835.0,2685.6666666666665,1824.0,Chrome
839.3333333333334,2702.3333333333335,1836.6666666666667,Chrome
848.0,2667.0,1855.6666666666667,Chrome
857.3333333333334,2691.6666666666665,1890.6666666666667,Chrome
896.0,2765.3333333333335,1914.3333333333333,Chrome
869.3333333333334,2804.3333333333335,1905.6666666666667,Chrome
875.0,2759.6666666666665,1915.6666666666667,Chrome
879.3333333333334,2828.3333333333335,1945.0,Chrome
887.6666666666666,2837.6666666666665,1958.3333333333333,Chrome
895.0,2859.3333333333335,1971.3333333333333,Chrome
898.3333333333334,2880.0,1991.3333333333333,Chrome
937.6666666666666,2963.6666666666665,2038.6666666666667,Chrome
918.6666666666666,2875.0,2024.0,Chrome
922.3333333333334,2927.6666666666665,2030.6666666666667,Chrome
932.0,2943.3333333333335,2063.0,Chrome
938.6666666666666,2972.0,2070.6666666666665,Chrome
946.3333333333334,3039.3333333333335,2127.6666666666665,Chrome
951.0,3139.0,2101.6666666666665,Chrome
993.0,3103.6666666666665,2155.0,Chrome
966.0,3092.3333333333335,2124.6666666666665,Chrome
979.3333333333334,3095.6666666666665,2144.0,Chrome
980.0,3177.0,2178.3333333333335,Chrome
993.3333333333334,3122.6666666666665,2280.3333333333335,Chrome
997.0,3199.0,2220.0,Chrome
1007.3333333333334,3150.0,2225.3333333333335,Chrome
1046.6666666666667,3242.6666666666665,2280.6666666666665,Chrome
1025.3333333333333,3287.6666666666665,2252.0,Chrome
1031.0,3395.6666666666665,2273.6666666666665,Chrome
1040.6666666666667,3288.3333333333335,2288.6666666666665,Chrome
1042.6666666666667,3313.0,2306.6666666666665,Chrome
1054.3333333333333,3342.0,2321.0,Chrome
1057.6666666666667,3369.0,2341.3333333333335,Chrome
1098.6666666666667,3499.0,2397.6666666666665,Chrome
1080.3333333333333,3410.6666666666665,2386.6666666666665,Chrome
1088.0,3505.3333333333335,2398.6666666666665,Chrome
1099.6666666666667,3512.3333333333335,2416.0,Chrome
1102.6666666666667,3509.6666666666665,2443.3333333333335,Chrome
1113.3333333333333,3626.6666666666665,2480.3333333333335,Chrome
1117.3333333333333,3559.0,2482.6666666666665,Chrome
1156.0,3644.6666666666665,2530.3333333333335,Chrome
1137.0,3611.0,2531.0,Chrome
1151.0,3711.6666666666665,2554.6666666666665,Chrome
1155.6666666666667,3735.6666666666665,2548.3333333333335,Chrome
1160.0,3771.6666666666665,2563.6666666666665,Chrome
1175.0,3723.6666666666665,2604.3333333333335,Chrome
1178.0,3820.0,2637.0,Chrome
1216.0,3812.0,2657.0,Chrome
1199.0,3775.6666666666665,2660.6666666666665,Chrome
1206.0,3865.6666666666665,2666.3333333333335,Chrome
1210.3333333333333,3937.6666666666665,2680.6666666666665,Chrome
1223.6666666666667,3892.0,2719.3333333333335,Chrome
1233.0,4009.6666666666665,2732.3333333333335,Chrome
1244.3333333333333,4017.6666666666665,2767.3333333333335,Chrome
1285.6666666666667,4065.0,2802.3333333333335,Chrome
1258.6666666666667,4057.0,2798.6666666666665,Chrome
1269.6666666666667,4032.6666666666665,2809.3333333333335,Chrome
1273.3333333333333,4056.6666666666665,2826.0,Chrome
1281.3333333333333,4180.333333333333,2856.6666666666665,Chrome
1292.3333333333333,4169.666666666667,2868.3333333333335,Chrome
1312.0,4180.0,2884.6666666666665,Chrome
1347.3333333333333,4207.666666666667,2942.3333333333335,Chrome
1328.0,4274.666666666667,2936.3333333333335,Chrome
1333.0,4232.666666666667,2952.0,Chrome
1343.6666666666667,4460.666666666667,2975.0,Chrome
1349.6666666666667,4352.666666666667,2999.3333333333335,Chrome
1363.0,4378.666666666667,3023.3333333333335,Chrome
1371.3333333333333,4388.333333333333,3033.0,Chrome
1413.6666666666667,4595.666666666667,3089.6666666666665,Chrome
1392.0,4451.0,3085.3333333333335,Chrome
1398.3333333333333,4500.0,3116.0,Chrome
1403.6666666666667,4536.333333333333,3121.6666666666665,Chrome
1420.3333333333333,4549.333333333333,3166.3333333333335,Chrome
1425.0,4616.333333333333,3168.0,Chrome
1442.6666666666667,4707.333333333333,3211.3333333333335,Chrome
1480.0,4635.666666666667,3258.6666666666665,Chrome
1455.6666666666667,4765.666666666667,3229.6666666666665,Chrome
1464.3333333333333,4654.666666666667,3250.3333333333335,Chrome
1478.3333333333333,4868.333333333333,3292.3333333333335,Chrome
1487.6666666666667,4882.666666666667,3299.6666666666665,Chrome
1501.3333333333333,4849.666666666667,3315.0,Chrome
1503.6666666666667,4906.666666666667,3356.0,Chrome
1557.6666666666667,4895.333333333333,3416.0,Chrome
1530.3333333333333,4982.0,3393.0,Chrome
1542.0,4989.0,3409.6666666666665,Chrome
1552.6666666666667,5020.666666666667,3442.6666666666665,Chrome
1562.3333333333333,5129.0,3463.0,Chrome
1570.0,5112.666666666667,3537.6666666666665,Chrome
1581.6666666666667,5210.0,3505.6666666666665,Chrome
1622.3333333333333,5221.0,3573.0,Chrome
1604.0,5100.0,3552.0,Chrome
1614.0,5195.666666666667,3589.6666666666665,Chrome
1625.3333333333333,5238.666666666667,3600.3333333333335,Chrome
1627.3333333333333,5340.0,3643.3333333333335,Chrome
1644.0,5397.333333333333,3653.0,Chrome
1661.0,5425.333333333333,3678.0,Chrome
1705.3333333333333,5436.333333333333,3734.0,Chrome
1677.6666666666667,5437.333333333333,3721.0,Chrome
1693.0,5565.666666666667,3740.0,Chrome
1696.3333333333333,5498.333333333333,3822.3333333333335,Chrome
1700.0,5493.0,3800.3333333333335,Chrome
1713.3333333333333,5621.333333333333,3855.6666666666665,Chrome
1730.0,5549.0,3853.3333333333335,Chrome
1765.3333333333333,5749.333333333333,3934.6666666666665,Chrome
1747.0,5738.333333333333,3903.6666666666665,Chrome
1758.0,5789.333333333333,3917.0,Chrome
1773.0,5803.666666666667,3955.3333333333335,Chrome
1791.0,5889.333333333333,3969.0,Chrome
1804.6666666666667,5809.0,4005.6666666666665,Chrome
1817.6666666666667,5933.0,4047.0,Chrome
1860.6666666666667,6086.0,4082.3333333333335,Chrome
1841.0,6019.333333333333,4069.6666666666665,Chrome
1852.0,5957.666666666667,4117.666666666667,Chrome
1850.6666666666667,6104.333333333333,4147.0,Chrome
1860.6666666666667,6152.333333333333,4155.0,Chrome
1885.3333333333333,6162.0,4216.0,Chrome
1900.6666666666667,6123.0,4231.0,Chrome
1943.0,6299.0,4274.666666666667,Chrome
1908.3333333333333,6287.0,4290.333333333333,Chrome
1920.3333333333333,6323.333333333333,4286.666666666667,Chrome
1932.3333333333333,6379.333333333333,4316.333333333333,Chrome
1954.3333333333333,6491.333333333333,4336.666666666667,Chrome
1961.0,6548.0,4382.333333333333,Chrome
1978.0,6584.333333333333,4390.333333333333,Chrome
2020.6666666666667,6534.666666666667,4475.666666666667,Chrome
1991.0,6596.666666666667,4444.666666666667,Chrome
2005.6666666666667,6587.0,4493.0,Chrome
2017.6666666666667,6647.0,4519.0,Chrome
2030.0,6590.0,4542.666666666667,Chrome
2044.3333333333333,6736.333333333333,4553.333333333333,Chrome
2055.6666666666665,6717.666666666667,4594.0,Chrome
2101.0,6902.666666666667,4701.333333333333,Chrome
2079.3333333333335,6875.666666666667,4663.0,Chrome
2091.0,6941.0,4680.0,Chrome
2104.0,7021.0,4709.0,Chrome
2119.0,6936.666666666667,4772.0,Chrome
2129.3333333333335,7067.666666666667,4764.0,Chrome
2143.0,7058.0,4792.0,Chrome
2193.0,7288.666666666667,4867.333333333333,Chrome
2186.0,7191.0,4866.333333333333,Chrome
2204.3333333333335,7192.0,4897.333333333333,Chrome
2199.3333333333335,7322.666666666667,4911.666666666667,Chrome
2206.6666666666665,7363.333333333333,4999.0,Chrome
2238.0,7387.0,4976.0,Chrome
2248.6666666666665,7399.333333333333,5001.666666666667,Chrome
2286.6666666666665,7556.666666666667,5084.0,Chrome
2271.3333333333335,7581.666666666667,5106.666666666667,Chrome
2282.6666666666665,7606.666666666667,5115.666666666667,Chrome
2309.3333333333335,7525.333333333333,5167.0,Chrome
2320.0,7599.666666666667,5238.0,Chrome
2333.0,7748.333333333333,5250.333333333333,Chrome
2348.6666666666665,7666.333333333333,5223.666666666667,Chrome
2386.0,7745.333333333333,5304.0,Chrome
2355.0,7826.333333333333,5298.0,Chrome
2370.0,7742.333333333333,5322.333333333333,Chrome
2385.0,7890.333333333333,5347.666666666667,Chrome
2397.6666666666665,7956.0,5389.333333333333,Chrome
2419.3333333333335,8031.333333333333,5420.666666666667,Chrome
2436.6666666666665,7947.333333333333,5504.0,Chrome
2492.3333333333335,8191.333333333333,5547.333333333333,Chrome
2463.6666666666665,8100.0,5722.666666666667,Chrome
2470.0,8206.333333333334,5538.333333333333,Chrome
2481.0,8284.666666666666,5639.666666666667,Chrome
2513.3333333333335,8300.0,5627.666666666667,Chrome
2528.3333333333335,8274.0,5641.333333333333,Chrome
2531.0,8261.333333333334,5671.333333333333,Chrome
2579.6666666666665,8131.666666666667,5756.333333333333,Chrome
2556.3333333333335,8308.333333333334,5796.333333333333,Chrome
2582.3333333333335,8090.0,5785.0,Chrome
2606.6666666666665,8271.666666666666,5825.666666666667,Chrome
2619.6666666666665,8218.333333333334,5858.0,Chrome
2623.0,8397.0,5888.666666666667,Chrome
2645.3333333333335,8288.666666666666,5945.666666666667,Chrome
2699.3333333333335,8382.333333333334,5994.666666666667,Chrome
2669.0,8435.666666666666,6004.333333333333,Chrome
2694.0,8532.0,6048.333333333333,Chrome
2696.3333333333335,8609.333333333334,6064.0,Chrome
2707.3333333333335,8818.0,6079.666666666667,Chrome
2721.3333333333335,8588.0,6116.0,Chrome
2724.3333333333335,8816.0,6153.333333333333,Chrome
2622.0,8780.333333333334,6233.666666666667,Chrome
2599.0,8816.666666666666,6218.0,Chrome
2617.0,8887.333333333334,6283.666666666667,Chrome
2635.3333333333335,8792.666666666666,6288.0,Chrome
2652.3333333333335,8822.333333333334,6391.0,Chrome
2670.3333333333335,9182.0,6409.333333333333,Chrome
2678.6666666666665,9055.0,6445.666666666667,Chrome
2733.6666666666665,9220.0,6483.333333333333,Chrome
2715.3333333333335,9027.666666666666,6501.0,Chrome
2729.3333333333335,9235.666666666666,6507.0,Chrome
2743.3333333333335,9302.666666666666,6594.333333333333,Chrome
2759.3333333333335,9581.0,6689.333333333333,Chrome
2774.0,9583.333333333334,6642.666666666667,Chrome
2793.6666666666665,9618.0,6577.333333333333,Chrome
2844.6666666666665,9492.666666666666,6673.333333333333,Chrome
2823.6666666666665,9891.0,6596.0,Chrome
2835.0,9725.0,6494.0,Chrome
2852.0,9971.666666666666,6586.0,Chrome
2859.3333333333335,9882.0,6656.333333333333,Chrome
2887.3333333333335,10036.333333333334,6710.333333333333,Chrome
2888.6666666666665,10232.333333333334,6644.0,Chrome
2946.0,10226.333333333334,6835.0,Chrome
2931.6666666666665,10186.666666666666,6799.666666666667,Chrome
2951.6666666666665,10010.666666666666,6887.0,Chrome
2963.6666666666665,10437.666666666666,6879.333333333333,Chrome
2980.3333333333335,10329.333333333334,6873.0,Chrome
2988.6666666666665,10312.0,6995.333333333333,Chrome
3001.6666666666665,10610.333333333334,6983.666666666667,Chrome
3061.0,10547.333333333334,7095.0,Chrome
3040.3333333333335,10625.0,6996.0,Chrome
3066.6666666666665,10437.666666666666,7106.666666666667,Chrome
3078.3333333333335,10523.333333333334,7103.333333333333,Chrome
3095.6666666666665,10724.333333333334,7088.333333333333,Chrome
3114.0,10690.333333333334,7237.666666666667,Chrome
3124.3333333333335,10805.333333333334,7166.333333333333,Chrome
3170.3333333333335,10773.666666666666,7178.0,Chrome
3155.3333333333335,10880.0,7225.0,Chrome
3178.6666666666665,11259.0,7423.0,Chrome
3185.6666666666665,11074.333333333334,7440.333333333333,Chrome
3236.0,11130.666666666666,7494.0,Chrome
3215.3333333333335,11318.333333333334,7447.666666666667,Chrome
3246.6666666666665,11141.0,7454.666666666667,Chrome
3291.6666666666665,11325.0,7532.333333333333,Chrome
3268.3333333333335,11236.0,7615.0,Chrome
3287.3333333333335,11399.666666666666,7662.666666666667,Chrome
3313.3333333333335,11430.333333333334,7714.666666666667,Chrome
3317.6666666666665,11340.333333333334,7691.666666666667,Chrome
3336.0,11617.0,7693.333333333333,Chrome
3368.6666666666665,11317.333333333334,7761.0,Chrome
3411.3333333333335,11942.333333333334,7910.666666666667,Chrome
3380.3333333333335,12031.333333333334,8038.0,Chrome
3409.3333333333335,11782.666666666666,7984.0,Chrome
3422.3333333333335,11887.0,7974.666666666667,Chrome
3442.0,11682.333333333334,8077.0,Chrome
3461.3333333333335,11637.333333333334,7955.666666666667,Chrome
3483.0,11763.666666666666,8165.333333333333,Chrome
3540.0,11383.0,8202.666666666666,Chrome
3520.6666666666665,11711.333333333334,8168.333333333333,Chrome
3532.6666666666665,11706.333333333334,8214.666666666666,Chrome
3551.0,11752.666666666666,8287.666666666666,Chrome
3580.0,11651.0,8341.333333333334,Chrome
3592.6666666666665,11960.666666666666,8342.0,Chrome
3603.6666666666665,12212.333333333334,8478.333333333334,Chrome
3663.3333333333335,11972.0,8456.666666666666,Chrome
3645.3333333333335,11908.666666666666,8593.333333333334,Chrome
3679.0,12065.333333333334,8576.333333333334,Chrome
3688.0,12238.0,8497.0,Chrome
3714.0,12126.0,8703.333333333334,Chrome
3718.6666666666665,11992.0,8649.666666666666,Chrome
3745.3333333333335,11850.333333333334,8989.333333333334,Chrome
3804.0,11972.333333333334,8722.333333333334,Chrome
3778.0,11746.333333333334,8607.666666666666,Chrome
3798.0,11974.333333333334,8679.0,Chrome
3814.6666666666665,11766.0,8362.333333333334,Chrome
3833.3333333333335,12252.0,8561.0,Chrome
3853.0,12262.333333333334,8548.0,Chrome
3877.6666666666665,12093.0,8557.0,Chrome
3937.6666666666665,12146.666666666666,8819.333333333334,Chrome
3919.6666666666665,12328.333333333334,8846.666666666666,Chrome
3948.3333333333335,12208.666666666666,8699.666666666666,Chrome
3964.0,12135.666666666666,8831.666666666666,Chrome
3983.0,12454.666666666666,8711.0,Chrome
4003.3333333333335,12589.666666666666,8887.666666666666,Chrome
4016.6666666666665,12701.333333333334,8743.333333333334,Chrome
4079.0,12620.666666666666,8840.666666666666,Chrome
4063.0,12621.666666666666,9070.666666666666,Chrome
4067.6666666666665,12897.666666666666,9090.333333333334,Chrome
4096.0,12723.0,8955.333333333334,Chrome
4122.666666666667,12847.666666666666,8925.333333333334,Chrome
4129.0,12911.0,9316.333333333334,Chrome
4146.333333333333,13009.0,9104.0,Chrome
4212.0,13434.666666666666,9306.666666666666,Chrome
4204.0,13297.666666666666,9392.333333333334,Chrome
4223.0,13181.0,9415.666666666666,Chrome
4231.333333333333,13335.666666666666,9605.0,Chrome
4264.0,13247.666666666666,9366.666666666666,Chrome
4285.0,13188.333333333334,9633.333333333334,Chrome
4297.666666666667,13330.0,9524.666666666666,Chrome
4355.666666666667,13532.0,9785.0,Chrome
4330.0,13744.333333333334,9527.666666666666,Chrome
4354.333333333333,13690.0,9500.0,Chrome
4374.0,13601.666666666666,9881.333333333334,Chrome
4405.666666666667,13592.0,9817.333333333334,Chrome
4423.666666666667,13598.0,9710.333333333334,Chrome
4456.333333333333,13624.333333333334,9808.333333333334,Chrome
4511.0,13817.333333333334,9944.0,Chrome
4489.333333333333,14150.333333333334,10176.666666666666,Chrome
4507.0,14492.333333333334,10180.333333333334,Chrome
4539.333333333333,13884.333333333334,10064.333333333334,Chrome
4564.666666666667,14378.666666666666,9991.0,Chrome
4571.666666666667,14026.333333333334,10102.333333333334,Chrome
4594.333333333333,14388.0,9728.333333333334,Chrome
4674.333333333333,14227.333333333334,9718.333333333334,Chrome
4643.333333333333,14455.0,10096.0,Chrome
4668.666666666667,14519.666666666666,9864.666666666666,Chrome
4692.333333333333,14590.333333333334,9993.0,Chrome
4717.333333333333,14783.666666666666,9916.0,Chrome
4744.666666666667,14685.666666666666,9717.666666666666,Chrome
4767.333333333333,14825.666666666666,10148.0,Chrome
4837.666666666667,14677.0,10152.333333333334,Chrome
4815.666666666667,14765.333333333334,10292.333333333334,Chrome
4829.0,14813.666666666666,9844.666666666666,Chrome
4852.666666666667,15320.0,10475.333333333334,Chrome
4870.666666666667,15393.0,10525.333333333334,Chrome
4883.0,15406.0,10127.0,Chrome
4914.333333333333,15090.0,10475.333333333334,Chrome
4993.333333333333,15333.0,10648.333333333334,Chrome
4968.333333333333,15099.666666666666,10494.0,Chrome
4982.666666666667,15354.333333333334,10450.0,Chrome
4996.333333333333,15518.0,10379.0,Chrome
5027.333333333333,15801.0,10891.666666666666,Chrome
5048.666666666667,15712.0,10703.0,Chrome
5077.666666666667,15717.0,10507.666666666666,Chrome
5155.333333333333,16033.0,10812.0,Chrome
5124.666666666667,15810.333333333334,10976.666666666666,Chrome
5160.333333333333,15834.333333333334,10581.0,Chrome
5174.0,16050.333333333334,10761.333333333334,Chrome
5205.333333333333,16147.666666666666,11010.333333333334,Chrome
5228.666666666667,16144.333333333334,11071.333333333334,Chrome
5252.666666666667,16305.666666666666,11213.666666666666,Chrome
5302.666666666667,16415.333333333332,11011.0,Chrome
5289.333333333333,16360.666666666666,10904.0,Chrome
5314.0,16529.0,11161.666666666666,Chrome
5329.666666666667,16320.0,11060.666666666666,Chrome
5366.666666666667,16709.333333333332,11329.333333333334,Chrome
5376.333333333333,16771.333333333332,11368.333333333334,Chrome
5406.666666666667,16414.333333333332,11472.666666666666,Chrome
5491.666666666667,16939.666666666668,11095.333333333334,Chrome
5455.333333333333,17400.666666666668,11446.0,Chrome
5477.0,17012.333333333332,11830.666666666666,Chrome
5498.0,16927.333333333332,11869.0,Chrome
5534.333333333333,16964.0,11485.333333333334,Chrome
5573.0,16983.666666666668,11798.333333333334,Chrome
5600.333333333333,17309.666666666668,11744.666666666666,Chrome
5669.666666666667,17206.0,11860.0,Chrome
5634.0,17699.666666666668,11774.0,Chrome
5645.666666666667,17845.333333333332,12127.333333333334,Chrome
5740.333333333333,17472.333333333332,17982.0,Chrome
0.0,0.0,0.6666666666666666,Firefox
0.0,0.0,0.0,Firefox
0.0,0.0,0.0,Firefox
0.0,0.0,0.0,Firefox
0.0,0.0,0.0,Firefox
0.0,0.0,0.0,Firefox
0.0,0.0,0.0,Firefox
0.0,0.0,0.3333333333333333,Firefox
0.0,0.3333333333333333,0.0,Firefox
0.0,0.3333333333333333,0.0,Firefox
0.0,0.0,0.0,Firefox
0.3333333333333333,0.0,0.3333333333333333,Firefox
0.0,0.0,0.0,Firefox
0.0,0.3333333333333333,0.0,Firefox
0.0,0.3333333333333333,0.3333333333333333,Firefox
0.0,0.0,0.3333333333333333,Firefox
0.0,0.6666666666666666,0.6666666666666666,Firefox
0.0,0.3333333333333333,0.3333333333333333,Firefox
0.3333333333333333,0.6666666666666666,0.3333333333333333,Firefox
0.0,0.0,0.0,Firefox
0.0,0.3333333333333333,0.3333333333333333,Firefox
0.3333333333333333,1.0,0.3333333333333333,Firefox
1.0,0.6666666666666666,0.0,Firefox
0.0,0.0,0.6666666666666666,Firefox
0.0,0.6666666666666666,0.6666666666666666,Firefox
0.3333333333333333,1.0,1.0,Firefox
0.3333333333333333,0.6666666666666666,1.0,Firefox
0.0,0.6666666666666666,1.6666666666666667,Firefox
0.3333333333333333,0.6666666666666666,1.0,Firefox
1.0,1.3333333333333333,1.0,Firefox
0.0,1.3333333333333333,1.6666666666666667,Firefox
0.0,1.0,1.3333333333333333,Firefox
1.3333333333333333,1.0,1.6666666666666667,Firefox
0.3333333333333333,1.6666666666666667,2.6666666666666665,Firefox
0.6666666666666666,1.0,1.6666666666666667,Firefox
0.6666666666666666,1.6666666666666667,2.0,Firefox
0.6666666666666666,2.0,2.0,Firefox
0.6666666666666666,2.0,2.6666666666666665,Firefox
0.6666666666666666,2.0,2.3333333333333335,Firefox
1.0,2.3333333333333335,3.0,Firefox
1.0,1.6666666666666667,3.0,Firefox
1.6666666666666667,2.6666666666666665,3.3333333333333335,Firefox
0.6666666666666666,3.3333333333333335,3.0,Firefox
1.6666666666666667,3.0,4.666666666666667,Firefox
1.3333333333333333,3.3333333333333335,4.0,Firefox
1.0,3.3333333333333335,5.0,Firefox
1.0,3.6666666666666665,5.0,Firefox
2.0,3.6666666666666665,5.333333333333333,Firefox
1.6666666666666667,4.333333333333333,5.666666666666667,Firefox
1.6666666666666667,4.666666666666667,5.666666666666667,Firefox
1.6666666666666667,4.666666666666667,6.333333333333333,Firefox
2.6666666666666665,5.0,7.333333333333333,Firefox
2.0,5.333333333333333,7.0,Firefox
2.6666666666666665,5.666666666666667,8.666666666666666,Firefox
2.3333333333333335,6.333333333333333,7.666666666666667,Firefox
2.6666666666666665,6.666666666666667,8.0,Firefox
2.6666666666666665,6.666666666666667,9.666666666666666,Firefox
2.3333333333333335,7.0,9.333333333333334,Firefox
3.3333333333333335,8.0,9.666666666666666,Firefox
3.0,8.0,10.666666666666666,Firefox
3.6666666666666665,8.0,10.666666666666666,Firefox
3.3333333333333335,10.0,11.0,Firefox
3.6666666666666665,9.666666666666666,11.666666666666666,Firefox
4.0,10.333333333333334,13.333333333333334,Firefox
4.0,10.0,13.0,Firefox
3.3333333333333335,11.333333333333334,13.666666666666666,Firefox
4.333333333333333,12.0,14.0,Firefox
4.0,12.333333333333334,14.666666666666666,Firefox
5.0,13.333333333333334,15.666666666666666,Firefox
4.0,12.666666666666666,16.0,Firefox
5.0,14.333333333333334,18.333333333333332,Firefox
5.666666666666667,16.666666666666668,17.333333333333332,Firefox
4.666666666666667,15.0,17.666666666666668,Firefox
6.0,16.0,22.333333333333332,Firefox
5.666666666666667,16.666666666666668,20.333333333333332,Firefox
5.666666666666667,15.333333333333334,20.666666666666668,Firefox
7.0,17.666666666666668,21.666666666666668,Firefox
6.0,19.666666666666668,37.0,Firefox
7.333333333333333,18.333333333333332,34.0,Firefox
7.666666666666667,18.666666666666668,23.666666666666668,Firefox
7.0,20.333333333333332,25.0,Firefox
8.0,22.333333333333332,38.0,Firefox
7.666666666666667,22.0,27.666666666666668,Firefox
8.0,22.666666666666668,27.0,Firefox
9.0,24.0,28.666666666666668,Firefox
8.0,22.333333333333332,31.0,Firefox
9.666666666666666,26.0,31.333333333333332,Firefox
9.333333333333334,27.666666666666668,31.0,Firefox
9.333333333333334,28.0,32.333333333333336,Firefox
10.333333333333334,29.666666666666668,35.0,Firefox
10.666666666666666,29.333333333333332,35.0,Firefox
11.0,30.666666666666668,36.0,Firefox
11.0,31.666666666666668,38.0,Firefox
11.666666666666666,33.666666666666664,38.666666666666664,Firefox
12.0,35.333333333333336,40.333333333333336,Firefox
12.0,36.333333333333336,42.333333333333336,Firefox
12.333333333333334,35.666666666666664,41.666666666666664,Firefox
12.666666666666666,39.333333333333336,42.666666666666664,Firefox
13.333333333333334,40.666666666666664,42.333333333333336,Firefox
14.0,41.333333333333336,46.0,Firefox
14.666666666666666,42.333333333333336,46.0,Firefox
15.333333333333334,42.333333333333336,44.333333333333336,Firefox
15.0,47.666666666666664,47.666666666666664,Firefox
15.0,41.0,51.0,Firefox
16.0,46.333333333333336,52.0,Firefox
16.666666666666668,47.666666666666664,50.666666666666664,Firefox
17.0,49.0,51.0,Firefox
16.666666666666668,53.666666666666664,62.333333333333336,Firefox
18.333333333333332,54.0,59.0,Firefox
19.0,53.333333333333336,75.66666666666667,Firefox
18.333333333333332,54.333333333333336,63.666666666666664,Firefox
19.333333333333332,58.0,68.0,Firefox
20.0,57.666666666666664,69.33333333333333,Firefox
21.0,62.333333333333336,66.0,Firefox
20.333333333333332,65.33333333333333,67.33333333333333,Firefox
21.666666666666668,64.33333333333333,77.0,Firefox
22.333333333333332,65.0,75.33333333333333,Firefox
22.666666666666668,69.0,76.33333333333333,Firefox
23.0,60.666666666666664,72.33333333333333,Firefox
24.0,72.33333333333333,73.33333333333333,Firefox
24.0,71.66666666666667,74.33333333333333,Firefox
24.666666666666668,73.66666666666667,78.66666666666667,Firefox
25.666666666666668,78.66666666666667,80.33333333333333,Firefox
26.333333333333332,80.66666666666667,84.33333333333333,Firefox
27.0,82.0,82.66666666666667,Firefox
26.666666666666668,84.0,88.66666666666667,Firefox
28.333333333333332,87.0,85.33333333333333,Firefox
29.333333333333332,85.33333333333333,89.66666666666667,Firefox
29.666666666666668,87.66666666666667,86.66666666666667,Firefox
30.0,90.0,96.0,Firefox
31.0,95.33333333333333,97.33333333333333,Firefox
32.0,95.66666666666667,101.33333333333333,Firefox
32.333333333333336,98.0,99.33333333333333,Firefox
32.666666666666664,103.66666666666667,104.0,Firefox
33.333333333333336,98.0,102.33333333333333,Firefox
34.666666666666664,107.33333333333333,108.66666666666667,Firefox
35.666666666666664,105.66666666666667,110.66666666666667,Firefox
35.666666666666664,113.33333333333333,117.0,Firefox
37.0,101.66666666666667,119.33333333333333,Firefox
37.333333333333336,118.33333333333333,120.0,Firefox
38.666666666666664,117.33333333333333,113.33333333333333,Firefox
39.0,117.0,128.66666666666666,Firefox
40.666666666666664,125.0,122.33333333333333,Firefox
41.0,130.66666666666666,130.0,Firefox
41.333333333333336,127.0,130.66666666666666,Firefox
42.333333333333336,131.66666666666666,138.66666666666666,Firefox
43.333333333333336,126.33333333333333,132.0,Firefox
44.333333333333336,125.33333333333333,137.0,Firefox
45.333333333333336,121.66666666666667,145.33333333333334,Firefox
46.0,121.33333333333333,140.66666666666666,Firefox
47.0,129.66666666666666,152.66666666666666,Firefox
48.333333333333336,137.0,160.66666666666666,Firefox
49.0,148.33333333333334,146.66666666666666,Firefox
49.333333333333336,144.66666666666666,151.33333333333334,Firefox
51.666666666666664,142.0,157.66666666666666,Firefox
51.666666666666664,139.66666666666666,153.33333333333334,Firefox
53.0,138.33333333333334,167.33333333333334,Firefox
54.666666666666664,157.66666666666666,170.66666666666666,Firefox
55.0,149.33333333333334,169.66666666666666,Firefox
56.666666666666664,154.0,177.0,Firefox
57.333333333333336,171.66666666666666,167.33333333333334,Firefox
59.0,158.0,180.33333333333334,Firefox
60.666666666666664,177.33333333333334,180.33333333333334,Firefox
61.0,163.66666666666666,183.33333333333334,Firefox
62.0,167.0,193.0,Firefox
64.0,177.0,190.0,Firefox
64.66666666666667,191.0,195.0,Firefox
66.0,176.0,187.33333333333334,Firefox
67.33333333333333,192.66666666666666,194.33333333333334,Firefox
70.33333333333333,187.0,198.33333333333334,Firefox
70.0,180.66666666666666,206.66666666666666,Firefox
71.33333333333333,190.33333333333334,218.0,Firefox
72.0,229.33333333333334,213.0,Firefox
73.33333333333333,196.66666666666666,212.33333333333334,Firefox
75.0,194.0,230.33333333333334,Firefox
77.0,200.66666666666666,216.0,Firefox
78.33333333333333,211.66666666666666,220.33333333333334,Firefox
78.33333333333333,208.33333333333334,234.66666666666666,Firefox
79.66666666666667,228.33333333333334,245.0,Firefox
82.66666666666667,224.33333333333334,240.33333333333334,Firefox
84.33333333333333,215.0,240.0,Firefox
87.33333333333333,223.0,238.66666666666666,Firefox
87.33333333333333,222.0,242.0,Firefox
88.0,224.33333333333334,247.0,Firefox
87.33333333333333,227.0,254.33333333333334,Firefox
91.66666666666667,241.33333333333334,275.0,Firefox
92.66666666666667,260.3333333333333,270.6666666666667,Firefox
95.33333333333333,235.0,260.0,Firefox
96.33333333333333,242.33333333333334,266.6666666666667,Firefox
97.33333333333333,247.0,275.3333333333333,Firefox
97.33333333333333,250.33333333333334,280.0,Firefox
102.0,250.66666666666666,290.3333333333333,Firefox
102.33333333333333,274.6666666666667,308.3333333333333,Firefox
108.66666666666667,269.6666666666667,309.0,Firefox
107.0,265.3333333333333,293.3333333333333,Firefox
109.33333333333333,265.0,303.3333333333333,Firefox
109.0,277.0,304.6666666666667,Firefox
109.33333333333333,275.6666666666667,307.0,Firefox
110.66666666666667,280.0,314.3333333333333,Firefox
119.33333333333333,300.3333333333333,357.3333333333333,Firefox
118.0,296.3333333333333,330.6666666666667,Firefox
119.0,298.6666666666667,327.0,Firefox
122.33333333333333,304.0,352.6666666666667,Firefox
122.33333333333333,309.3333333333333,367.3333333333333,Firefox
122.66666666666667,313.0,364.0,Firefox
126.66666666666667,317.3333333333333,365.6666666666667,Firefox
133.66666666666666,341.0,379.0,Firefox
135.0,340.6666666666667,363.6666666666667,Firefox
135.33333333333334,333.0,366.3333333333333,Firefox
135.33333333333334,339.6666666666667,366.0,Firefox
135.33333333333334,337.6666666666667,367.6666666666667,Firefox
137.0,334.3333333333333,391.0,Firefox
140.0,343.6666666666667,405.3333333333333,Firefox
145.0,369.6666666666667,446.6666666666667,Firefox
148.0,366.6666666666667,401.0,Firefox
151.33333333333334,361.0,396.6666666666667,Firefox
148.66666666666666,368.0,410.6666666666667,Firefox
150.0,367.6666666666667,406.3333333333333,Firefox
152.0,373.3333333333333,417.3333333333333,Firefox
155.33333333333334,377.6666666666667,423.6666666666667,Firefox
162.0,407.0,513.0,Firefox
166.0,391.0,497.3333333333333,Firefox
166.0,388.0,448.6666666666667,Firefox
163.33333333333334,397.0,442.6666666666667,Firefox
165.66666666666666,401.0,463.0,Firefox
167.66666666666666,408.6666666666667,508.3333333333333,Firefox
170.33333333333334,420.6666666666667,478.0,Firefox
178.0,441.3333333333333,495.3333333333333,Firefox
182.0,424.3333333333333,473.0,Firefox
181.66666666666666,433.0,521.0,Firefox
179.66666666666666,434.3333333333333,537.3333333333334,Firefox
183.33333333333334,437.3333333333333,565.0,Firefox
185.33333333333334,448.6666666666667,514.6666666666666,Firefox
187.0,472.6666666666667,553.0,Firefox
197.0,490.0,595.6666666666666,Firefox
200.66666666666666,463.6666666666667,575.6666666666666,Firefox
201.0,480.0,583.0,Firefox
197.66666666666666,476.6666666666667,580.6666666666666,Firefox
200.33333333333334,481.3333333333333,546.6666666666666,Firefox
203.33333333333334,507.0,557.6666666666666,Firefox
206.33333333333334,502.3333333333333,580.6666666666666,Firefox
218.33333333333334,554.6666666666666,590.3333333333334,Firefox
222.66666666666666,536.6666666666666,596.0,Firefox
216.0,512.0,612.3333333333334,Firefox
218.66666666666666,541.6666666666666,646.3333333333334,Firefox
223.66666666666666,529.3333333333334,592.3333333333334,Firefox
223.66666666666666,539.6666666666666,590.6666666666666,Firefox
226.33333333333334,550.0,648.0,Firefox
238.66666666666666,580.3333333333334,657.0,Firefox
243.0,553.0,608.3333333333334,Firefox
238.33333333333334,576.3333333333334,628.3333333333334,Firefox
239.33333333333334,565.6666666666666,632.3333333333334,Firefox
242.0,606.0,640.3333333333334,Firefox
244.66666666666666,650.0,732.6666666666666,Firefox
249.66666666666666,661.0,756.6666666666666,Firefox
265.6666666666667,715.0,709.0,Firefox
265.6666666666667,687.3333333333334,671.0,Firefox
257.6666666666667,679.0,703.6666666666666,Firefox
261.6666666666667,737.3333333333334,753.0,Firefox
263.0,710.6666666666666,822.6666666666666,Firefox
267.3333333333333,717.6666666666666,842.3333333333334,Firefox
269.0,754.0,783.6666666666666,Firefox
287.6666666666667,782.3333333333334,766.3333333333334,Firefox
287.3333333333333,735.6666666666666,803.0,Firefox
283.0,739.6666666666666,818.6666666666666,Firefox
285.0,765.3333333333334,731.6666666666666,Firefox
289.0,765.6666666666666,768.3333333333334,Firefox
292.6666666666667,807.6666666666666,878.3333333333334,Firefox
299.0,843.6666666666666,801.6666666666666,Firefox
313.3333333333333,871.0,838.0,Firefox
310.3333333333333,797.3333333333334,808.0,Firefox
306.0,800.0,814.3333333333334,Firefox
311.0,827.3333333333334,813.0,Firefox
313.3333333333333,810.6666666666666,830.6666666666666,Firefox
319.6666666666667,870.0,1002.6666666666666,Firefox
319.3333333333333,836.6666666666666,937.6666666666666,Firefox
340.6666666666667,899.0,868.6666666666666,Firefox
334.3333333333333,931.0,845.3333333333334,Firefox
331.6666666666667,889.0,1022.0,Firefox
334.6666666666667,879.6666666666666,977.6666666666666,Firefox
338.0,916.0,891.3333333333334,Firefox
342.0,977.3333333333334,981.3333333333334,Firefox
347.6666666666667,907.3333333333334,974.0,Firefox
366.6666666666667,1033.3333333333333,998.0,Firefox
358.3333333333333,947.6666666666666,913.6666666666666,Firefox
362.6666666666667,922.0,934.6666666666666,Firefox
365.0,968.0,987.6666666666666,Firefox
365.3333333333333,993.6666666666666,996.3333333333334,Firefox
371.6666666666667,1015.3333333333334,1106.0,Firefox
378.6666666666667,958.0,1020.0,Firefox
401.0,1075.6666666666667,1008.0,Firefox
387.0,1022.3333333333334,1018.3333333333334,Firefox
389.6666666666667,1027.0,999.6666666666666,Firefox
392.6666666666667,1107.6666666666667,1060.0,Firefox
395.6666666666667,1026.0,1228.0,Firefox
399.6666666666667,1114.6666666666667,1180.6666666666667,Firefox
402.6666666666667,1073.0,1156.6666666666667,Firefox
426.6666666666667,1077.6666666666667,1214.3333333333333,Firefox
414.6666666666667,1177.3333333333333,1145.0,Firefox
417.0,1086.6666666666667,1065.0,Firefox
423.3333333333333,1106.0,1084.6666666666667,Firefox
427.3333333333333,1135.6666666666667,1122.3333333333333,Firefox
430.6666666666667,1285.3333333333333,1154.0,Firefox
434.0,1101.6666666666667,1207.0,Firefox
463.6666666666667,1202.0,1226.6666666666667,Firefox
447.0,1184.3333333333333,1137.0,Firefox
449.6666666666667,1179.6666666666667,1181.6666666666667,Firefox
455.3333333333333,1209.6666666666667,1245.3333333333333,Firefox
459.3333333333333,1231.3333333333333,1260.0,Firefox
460.6666666666667,1264.3333333333333,1347.3333333333333,Firefox
466.3333333333333,1217.0,1273.0,Firefox
499.3333333333333,1247.3333333333333,1248.3333333333333,Firefox
477.3333333333333,1291.3333333333333,1311.3333333333333,Firefox
483.3333333333333,1310.6666666666667,1305.3333333333333,Firefox
485.0,1325.6666666666667,1369.3333333333333,Firefox
491.0,1286.0,1305.6666666666667,Firefox
496.0,1333.3333333333333,1549.0,Firefox
504.6666666666667,1371.0,1418.6666666666667,Firefox
531.0,1379.3333333333333,1347.3333333333333,Firefox
510.6666666666667,1328.3333333333333,1371.0,Firefox
514.0,1404.3333333333333,1420.6666666666667,Firefox
517.6666666666666,1436.0,1460.6666666666667,Firefox
525.3333333333334,1388.3333333333333,1523.6666666666667,Firefox
528.6666666666666,1465.3333333333333,1695.0,Firefox
534.3333333333334,1394.3333333333333,1608.0,Firefox
563.0,1465.6666666666667,1491.3333333333333,Firefox
543.6666666666666,1479.6666666666667,1470.3333333333333,Firefox
551.3333333333334,1512.6666666666667,1481.6666666666667,Firefox
557.6666666666666,1530.0,1592.6666666666667,Firefox
557.6666666666666,1538.0,1473.3333333333333,Firefox
570.6666666666666,1486.3333333333333,1752.3333333333333,Firefox
576.0,1560.0,1594.6666666666667,Firefox
604.0,1617.3333333333333,1773.0,Firefox
579.6666666666666,1588.3333333333333,1614.6666666666667,Firefox
586.6666666666666,1692.3333333333333,1668.0,Firefox
590.3333333333334,1600.0,1701.6666666666667,Firefox
594.6666666666666,1647.6666666666667,1636.3333333333333,Firefox
604.3333333333334,1698.6666666666667,2023.0,Firefox
606.0,1702.0,1882.6666666666667,Firefox
636.0,1613.3333333333333,1672.6666666666667,Firefox
619.0,1614.6666666666667,1614.6666666666667,Firefox
625.3333333333334,1640.0,1747.3333333333333,Firefox
630.3333333333334,1665.3333333333333,1774.0,Firefox
635.0,1750.3333333333333,1978.0,Firefox
644.0,1772.3333333333333,2073.3333333333335,Firefox
648.3333333333334,1801.3333333333333,1863.0,Firefox
677.0,1778.3333333333333,1821.6666666666667,Firefox
655.0,1824.0,1851.0,Firefox
662.6666666666666,1825.0,1862.3333333333333,Firefox
667.6666666666666,1771.3333333333333,1964.6666666666667,Firefox
677.0,1827.3333333333333,1919.0,Firefox
677.3333333333334,1864.0,2202.6666666666665,Firefox
685.3333333333334,1855.0,1857.0,Firefox
714.0,1921.6666666666667,1943.0,Firefox
696.6666666666666,1888.3333333333333,1855.6666666666667,Firefox
699.6666666666666,1876.6666666666667,2101.0,Firefox
706.0,1945.6666666666667,2029.0,Firefox
713.0,1939.6666666666667,2201.0,Firefox
717.6666666666666,2062.3333333333335,2339.3333333333335,Firefox
726.3333333333334,1965.3333333333333,2006.0,Firefox
759.3333333333334,2049.3333333333335,1978.0,Firefox
744.3333333333334,1988.3333333333333,2049.6666666666665,Firefox
744.3333333333334,2030.3333333333333,2184.6666666666665,Firefox
746.6666666666666,2054.0,2270.3333333333335,Firefox
757.3333333333334,2067.6666666666665,2131.6666666666665,Firefox
773.6666666666666,2171.0,2295.6666666666665,Firefox
772.3333333333334,2144.3333333333335,2588.3333333333335,Firefox
803.3333333333334,2162.3333333333335,2317.3333333333335,Firefox
781.3333333333334,2267.0,2388.6666666666665,Firefox
791.3333333333334,2173.6666666666665,2503.0,Firefox
799.6666666666666,2192.0,2355.3333333333335,Firefox
804.6666666666666,2246.0,2453.3333333333335,Firefox
812.6666666666666,2308.0,2512.3333333333335,Firefox
814.3333333333334,2182.0,2426.0,Firefox
848.0,2303.3333333333335,2369.3333333333335,Firefox
832.3333333333334,2322.3333333333335,2586.0,Firefox
835.6666666666666,2265.6666666666665,2788.6666666666665,Firefox
839.3333333333334,2360.6666666666665,2906.6666666666665,Firefox
847.3333333333334,2474.6666666666665,2711.3333333333335,Firefox
854.6666666666666,2610.3333333333335,2663.3333333333335,Firefox
861.6666666666666,2494.0,2616.0,Firefox
895.0,2548.3333333333335,2493.0,Firefox
872.3333333333334,2474.3333333333335,2790.0,Firefox
884.3333333333334,2662.6666666666665,2826.6666666666665,Firefox
893.3333333333334,2648.6666666666665,2667.3333333333335,Firefox
901.6666666666666,2606.3333333333335,2788.0,Firefox
906.0,2783.6666666666665,3119.0,Firefox
911.0,2675.3333333333335,2580.3333333333335,Firefox
948.3333333333334,2804.3333333333335,2779.6666666666665,Firefox
929.3333333333334,2757.3333333333335,2896.0,Firefox
934.0,2810.6666666666665,3269.6666666666665,Firefox
942.3333333333334,2825.0,3051.3333333333335,Firefox
945.6666666666666,2792.3333333333335,2783.6666666666665,Firefox
957.6666666666666,2872.6666666666665,2723.0,Firefox
964.3333333333334,2718.6666666666665,2853.0,Firefox
1003.0,2960.6666666666665,2753.0,Firefox
976.6666666666666,2857.3333333333335,3159.6666666666665,Firefox
988.3333333333334,2707.3333333333335,3297.3333333333335,Firefox
991.0,2871.0,3024.3333333333335,Firefox
995.3333333333334,3042.0,2998.0,Firefox
1004.0,2968.6666666666665,3124.3333333333335,Firefox
1014.0,3142.6666666666665,3229.3333333333335,Firefox
1044.6666666666667,3135.6666666666665,3195.6666666666665,Firefox
1024.6666666666667,3109.3333333333335,3190.3333333333335,Firefox
1032.0,3086.3333333333335,3359.6666666666665,Firefox
1041.0,3066.3333333333335,3594.3333333333335,Firefox
1053.0,3191.0,3334.0,Firefox
1062.0,3154.6666666666665,3317.6666666666665,Firefox
1066.6666666666667,3230.6666666666665,3114.0,Firefox
1099.6666666666667,3165.3333333333335,3323.6666666666665,Firefox
1080.6666666666667,3155.3333333333335,3516.0,Firefox
1084.6666666666667,3220.0,3868.6666666666665,Firefox
1092.0,3205.0,3732.0,Firefox
1101.6666666666667,3375.6666666666665,3521.0,Firefox
1111.6666666666667,3309.6666666666665,3431.0,Firefox
1123.0,3533.3333333333335,3486.6666666666665,Firefox
1159.0,3685.6666666666665,3748.0,Firefox
1140.6666666666667,3513.0,3683.6666666666665,Firefox
1145.6666666666667,3562.3333333333335,3728.0,Firefox
1154.6666666666667,3513.0,3748.3333333333335,Firefox
1157.3333333333333,3513.0,3866.6666666666665,Firefox
1166.3333333333333,3442.3333333333335,3741.6666666666665,Firefox
1178.6666666666667,3470.3333333333335,3703.6666666666665,Firefox
1211.6666666666667,3595.6666666666665,3595.3333333333335,Firefox
1198.0,3643.0,4189.666666666667,Firefox
1202.3333333333333,3730.6666666666665,4037.3333333333335,Firefox
1215.6666666666667,3608.0,3914.0,Firefox
1221.0,3628.0,3923.3333333333335,Firefox
1230.6666666666667,3771.6666666666665,4325.333333333333,Firefox
1231.0,3746.6666666666665,4237.0,Firefox
1277.3333333333333,3724.3333333333335,4119.333333333333,Firefox
1249.0,3965.6666666666665,4208.666666666667,Firefox
1265.0,3975.6666666666665,4400.333333333333,Firefox
1266.6666666666667,3948.3333333333335,4423.666666666667,Firefox
1279.3333333333333,4297.0,4345.0,Firefox
1283.3333333333333,4144.0,4376.0,Firefox
1299.3333333333333,4440.666666666667,4622.666666666667,Firefox
1334.3333333333333,4132.0,4081.0,Firefox
1311.3333333333333,4321.666666666667,4714.333333333333,Firefox
1320.6666666666667,4162.0,4757.333333333333,Firefox
1336.6666666666667,4341.0,4348.0,Firefox
1340.6666666666667,4292.666666666667,4368.0,Firefox
1354.6666666666667,4417.333333333333,4837.666666666667,Firefox
1361.0,4076.3333333333335,4614.666666666667,Firefox
1399.3333333333333,4809.333333333333,4188.0,Firefox
1374.0,4565.666666666667,5129.0,Firefox
1382.0,4747.666666666667,4926.0,Firefox
1394.0,4455.0,4511.333333333333,Firefox
1405.0,4480.0,5138.0,Firefox
1410.6666666666667,4784.333333333333,5114.0,Firefox
1420.3333333333333,4476.666666666667,4465.666666666667,Firefox
1465.6666666666667,4682.666666666667,4752.666666666667,Firefox
1441.0,4618.333333333333,5384.333333333333,Firefox
1450.0,4777.0,5070.666666666667,Firefox
1463.0,4844.666666666667,4927.666666666667,Firefox
1470.6666666666667,4621.666666666667,4899.333333333333,Firefox
1480.0,5048.666666666667,5451.333333333333,Firefox
1492.3333333333333,4766.666666666667,4825.333333333333,Firefox
1533.3333333333333,5116.666666666667,5184.666666666667,Firefox
1509.6666666666667,5250.666666666667,5342.333333333333,Firefox
1516.6666666666667,4975.333333333333,5416.333333333333,Firefox
1529.6666666666667,5276.0,4970.333333333333,Firefox
1540.6666666666667,5251.666666666667,5114.333333333333,Firefox
1548.6666666666667,5044.0,5757.0,Firefox
1498.0,5176.0,5423.333333333333,Firefox
1488.0,5505.0,5112.0,Firefox
1460.3333333333333,5171.666666666667,5982.0,Firefox
1478.6666666666667,5526.0,5766.333333333333,Firefox
1481.0,5645.0,5049.0,Firefox
1483.0,5479.666666666667,5696.0,Firefox
1497.3333333333333,5177.666666666667,6128.333333333333,Firefox
1497.0,5730.0,5643.0,Firefox
1549.0,5716.333333333333,5937.333333333333,Firefox
1522.6666666666667,5657.0,6122.666666666667,Firefox
1532.3333333333333,5581.0,5809.0,Firefox
1547.3333333333333,5696.0,5900.666666666667,Firefox
1558.0,5939.0,5922.666666666667,Firefox
1559.6666666666667,5843.666666666667,6610.333333333333,Firefox
1571.3333333333333,5953.666666666667,6090.666666666667,Firefox
1617.0,6257.333333333333,5931.0,Firefox
1596.0,6352.333333333333,6215.0,Firefox
1604.6666666666667,6157.333333333333,6495.0,Firefox
1611.6666666666667,5919.333333333333,5991.333333333333,Firefox
1626.3333333333333,5985.666666666667,5735.0,Firefox
1642.6666666666667,5997.333333333333,6838.333333333333,Firefox
1662.6666666666667,5940.0,6405.333333333333,Firefox
1687.6666666666667,6160.666666666667,6303.333333333333,Firefox
1673.0,6502.666666666667,6716.666666666667,Firefox
1680.0,6572.0,6530.333333333333,Firefox
1685.3333333333333,6408.666666666667,6384.666666666667,Firefox
1704.0,6390.333333333333,6192.333333333333,Firefox
1700.3333333333333,6199.333333333333,7291.0,Firefox
1711.3333333333333,6847.666666666667,6538.0,Firefox
1757.3333333333333,7202.0,6422.0,Firefox
1745.6666666666667,7008.0,6868.666666666667,Firefox
1741.3333333333333,6720.666666666667,6730.333333333333,Firefox
1763.6666666666667,6549.666666666667,6688.333333333333,Firefox
1772.0,6577.333333333333,6922.666666666667,Firefox
1775.6666666666667,7203.0,7582.666666666667,Firefox
1785.6666666666667,7202.0,6790.333333333333,Firefox
1840.3333333333333,7430.0,6813.666666666667,Firefox
1814.6666666666667,7285.666666666667,7423.333333333333,Firefox
1822.3333333333333,7216.666666666667,7393.0,Firefox
1821.3333333333333,7102.333333333333,7207.333333333333,Firefox
1842.3333333333333,7037.666666666667,7331.666666666667,Firefox
1853.0,7108.333333333333,7682.666666666667,Firefox
1862.3333333333333,7040.333333333333,7066.0,Firefox
1911.6666666666667,7110.666666666667,7031.0,Firefox
1887.0,7032.666666666667,7721.333333333333,Firefox
1896.0,8694.333333333334,7525.0,Firefox
1928.3333333333333,8569.0,7595.333333333333,Firefox
1931.6666666666667,8478.666666666666,7398.0,Firefox
1943.6666666666667,9210.0,8402.333333333334,Firefox
1948.3333333333333,8060.0,7798.0,Firefox
1988.0,7873.666666666667,7670.333333333333,Firefox
1964.6666666666667,8768.333333333334,8121.666666666667,Firefox
1973.3333333333333,9273.0,8192.0,Firefox
1987.6666666666667,9434.333333333334,7856.333333333333,Firefox
1995.6666666666667,8449.333333333334,8020.0,Firefox
2018.6666666666667,8491.666666666666,8904.0,Firefox
2024.0,8941.333333333334,7839.333333333333,Firefox
2077.3333333333335,8597.0,8308.666666666666,Firefox
2055.3333333333335,9040.666666666666,8679.0,Firefox
2073.0,8726.666666666666,8846.333333333334,Firefox
2075.3333333333335,8500.666666666666,8310.333333333334,Firefox
2080.6666666666665,9288.0,8364.333333333334,Firefox
2091.0,8922.666666666666,9313.666666666666,Firefox
2106.3333333333335,8876.0,8475.666666666666,Firefox
2153.6666666666665,8968.666666666666,9039.333333333334,Firefox
2129.0,9236.0,9362.0,Firefox
2149.3333333333335,8962.666666666666,8932.0,Firefox
2168.0,9156.666666666666,9002.0,Firefox
2183.6666666666665,9853.0,8764.0,Firefox
2183.3333333333335,9411.0,9413.333333333334,Firefox
2205.0,10035.333333333334,9198.0,Firefox
2243.6666666666665,9576.333333333334,9204.666666666666,Firefox
2222.3333333333335,10072.0,9385.0,Firefox
2232.3333333333335,10125.666666666666,10192.666666666666,Firefox
2237.0,10580.666666666666,9364.333333333334,Firefox
2254.3333333333335,10401.0,9263.0,Firefox
2263.3333333333335,10346.666666666666,10309.666666666666,Firefox
2280.6666666666665,11230.666666666666,9230.666666666666,Firefox
2325.6666666666665,9925.666666666666,9881.0,Firefox
2302.3333333333335,10905.333333333334,10026.0,Firefox
2313.3333333333335,10866.666666666666,10095.333333333334,Firefox
2339.6666666666665,11390.666666666666,9914.666666666666,Firefox
2354.0,11333.333333333334,9655.333333333334,Firefox
2362.6666666666665,10921.666666666666,11363.333333333334,Firefox
2374.0,10670.0,9767.333333333334,Firefox
2435.3333333333335,11650.666666666666,9974.333333333334,Firefox
2410.6666666666665,11398.0,10346.333333333334,Firefox
2415.0,10708.666666666666,10745.333333333334,Firefox
2452.3333333333335,10785.333333333334,10014.666666666666,Firefox
2449.3333333333335,11522.666666666666,10033.0,Firefox
2473.0,11522.333333333334,11858.666666666666,Firefox
2480.0,11070.666666666666,10263.0,Firefox
2528.6666666666665,11289.666666666666,10360.0,Firefox
2505.3333333333335,10983.666666666666,11187.0,Firefox
2521.6666666666665,11759.0,10616.666666666666,Firefox
2539.6666666666665,11519.0,11105.333333333334,Firefox
2553.6666666666665,12654.333333333334,10663.0,Firefox
2571.0,12603.666666666666,11954.0,Firefox
2569.6666666666665,12440.333333333334,11383.666666666666,Firefox
2607.6666666666665,11898.666666666666,10844.666666666666,Firefox
2599.0,12599.666666666666,11279.333333333334,Firefox
2618.6666666666665,12209.666666666666,11529.666666666666,Firefox
2626.3333333333335,13088.666666666666,11257.0,Firefox
2644.6666666666665,12421.333333333334,11489.0,Firefox
2644.3333333333335,12376.0,12183.0,Firefox
2659.6666666666665,11953.666666666666,11230.333333333334,Firefox
2723.6666666666665,11808.666666666666,11317.333333333334,Firefox
2693.3333333333335,13257.333333333334,12091.333333333334,Firefox
2696.3333333333335,13736.333333333334,11210.0,Firefox
2724.0,13270.333333333334,11865.666666666666,Firefox
2752.0,13106.0,12101.0,Firefox
2760.0,12102.0,13163.0,Firefox
2754.3333333333335,14321.0,11952.666666666666,Firefox
2810.6666666666665,12755.0,12883.666666666666,Firefox
2787.6666666666665,13484.666666666666,12018.0,Firefox
2810.0,13794.666666666666,12414.0,Firefox
2822.6666666666665,12967.0,12173.333333333334,Firefox
2848.3333333333335,12520.666666666666,12340.666666666666,Firefox
2866.6666666666665,12714.666666666666,13219.333333333334,Firefox
2853.6666666666665,14448.333333333334,12360.666666666666,Firefox
2915.3333333333335,12706.0,13121.333333333334,Firefox
2891.6666666666665,14102.666666666666,13542.333333333334,Firefox
2912.3333333333335,14180.0,12511.0,Firefox
2918.3333333333335,13023.0,12692.333333333334,Firefox
2941.0,15015.666666666666,13035.666666666666,Firefox
2955.0,12731.666666666666,13830.0,Firefox
2973.0,14941.0,12651.333333333334,Firefox
3030.0,15606.333333333334,13429.666666666666,Firefox
3005.6666666666665,13263.666666666666,14137.0,Firefox
3015.0,15871.0,13594.0,Firefox
3025.0,14124.333333333334,13175.333333333334,Firefox
3055.0,14031.0,13733.666666666666,Firefox
3065.6666666666665,15445.333333333334,14583.0,Firefox
3076.3333333333335,13636.0,13650.0,Firefox
3158.0,14166.333333333334,13811.666666666666,Firefox
3126.3333333333335,14283.333333333334,14233.333333333334,Firefox
3148.0,15691.0,14769.333333333334,Firefox
3139.0,13999.0,14303.666666666666,Firefox
3150.3333333333335,16951.0,14117.0,Firefox
3184.3333333333335,14748.333333333334,14828.666666666666,Firefox
3193.6666666666665,16789.333333333332,15244.0,Firefox
3250.6666666666665,14553.0,14922.333333333334,Firefox
3225.3333333333335,15854.333333333334,15000.0,Firefox
3252.0,15078.0,14919.333333333334,Firefox
3279.6666666666665,15066.0,14697.666666666666,Firefox
3271.6666666666665,16007.666666666666,15111.0,Firefox
3306.0,15157.0,15476.333333333334,Firefox
3308.3333333333335,17139.0,15744.666666666666,Firefox
3370.3333333333335,16063.0,15246.333333333334,Firefox
3360.6666666666665,17023.0,15899.0,Firefox
3378.3333333333335,16370.333333333334,15755.666666666666,Firefox
3384.3333333333335,16053.333333333334,15357.0,Firefox
3402.3333333333335,15361.0,15615.0,Firefox
3405.6666666666665,17002.666666666668,16519.666666666668,Firefox
3437.0,16875.0,15478.0,Firefox
3490.6666666666665,17272.0,16137.333333333334,Firefox
3452.3333333333335,15982.333333333334,16504.0,Firefox
3490.6666666666665,17229.0,15805.0,Firefox
3517.6666666666665,18093.333333333332,16905.333333333332,Firefox
3516.3333333333335,16601.666666666668,16492.0,Firefox
3544.6666666666665,16546.0,16337.0,Firefox
3565.3333333333335,17453.333333333332,17235.333333333332,Firefox
3605.0,17804.666666666668,16706.0,Firefox
3579.6666666666665,16411.0,17073.0,Firefox
3616.6666666666665,18409.0,16358.666666666666,Firefox
3639.0,17508.0,16758.333333333332,Firefox
3630.6666666666665,16173.0,17937.333333333332,Firefox
3656.0,19069.333333333332,17245.333333333332,Firefox
3680.0,17295.666666666668,16882.333333333332,Firefox
3743.6666666666665,18671.666666666668,18087.0,Firefox
3728.6666666666665,19248.333333333332,17586.0,Firefox
3754.6666666666665,17763.333333333332,17976.666666666668,Firefox
3770.0,16979.333333333332,17421.666666666668,Firefox
3770.6666666666665,18150.333333333332,18501.666666666668,Firefox
3783.3333333333335,18467.0,17847.0,Firefox
3815.3333333333335,18307.666666666668,17806.333333333332,Firefox
3857.3333333333335,19593.666666666668,18516.333333333332,Firefox
3846.0,18917.0,18300.0,Firefox
3858.6666666666665,17514.333333333332,18039.333333333332,Firefox
3879.3333333333335,19931.0,18366.0,Firefox
3921.0,18645.333333333332,19041.666666666668,Firefox
3929.6666666666665,18333.0,19198.333333333332,Firefox
3948.3333333333335,19095.333333333332,17766.333333333332,Firefox
4022.0,19293.333333333332,19219.0,Firefox
3996.0,18487.666666666668,19118.333333333332,Firefox
4007.0,19577.333333333332,18975.0,Firefox
4051.0,19742.666666666668,19095.666666666668,Firefox
4027.6666666666665,20562.333333333332,19602.333333333332,Firefox
4054.6666666666665,19870.666666666668,19978.333333333332,Firefox
4084.0,19648.0,19213.333333333332,Firefox
4147.666666666667,20656.333333333332,19908.333333333332,Firefox
4114.0,21419.666666666668,19946.666666666668,Firefox
4139.333333333333,19588.666666666668,19989.333333333332,Firefox
4179.0,20319.666666666668,20183.666666666668,Firefox
4174.333333333333,20786.0,20456.333333333332,Firefox
4200.666666666667,20608.666666666668,20613.333333333332,Firefox
4210.333333333333,20241.666666666668,19691.0,Firefox
4280.0,22682.666666666668,20721.0,Firefox
4278.0,21429.666666666668,20667.666666666668,Firefox
4271.666666666667,21016.333333333332,20306.666666666668,Firefox
4292.333333333333,20854.0,20300.333333333332,Firefox
4332.333333333333,21553.0,20633.333333333332,Firefox
4344.666666666667,20837.666666666668,21225.333333333332,Firefox
4342.666666666667,20652.666666666668,19955.666666666668,Firefox
4414.666666666667,22368.0,21608.0,Firefox
4406.0,22244.333333333332,21742.0,Firefox
4434.333333333333,21242.0,21404.0,Firefox
4454.666666666667,21871.0,20826.333333333332,Firefox
4459.333333333333,21707.333333333332,21878.333333333332,Firefox
4470.333333333333,21891.0,21999.0,Firefox
4504.666666666667,21972.0,20909.333333333332,Firefox
4567.0,21142.0,22688.333333333332,Firefox
4572.0,22562.0,21552.0,Firefox
4593.0,20830.666666666668,23021.333333333332,Firefox
4586.0,22509.0,21784.333333333332,Firefox
4633.333333333333,23436.333333333332,22907.0,Firefox
4651.333333333333,24243.666666666668,22699.333333333332,Firefox
4678.666666666667,24123.333333333332,22025.666666666668,Firefox
4742.0,22616.0,23409.333333333332,Firefox
4709.0,23109.333333333332,23230.333333333332,Firefox
4734.0,22799.333333333332,23435.333333333332,Firefox
4747.666666666667,23827.0,22876.666666666668,Firefox
4773.333333333333,22663.333333333332,23069.666666666668,Firefox
4788.0,24197.333333333332,23113.333333333332,Firefox
4839.0,23385.666666666668,23285.333333333332,Firefox
4886.0,23963.0,23472.0,Firefox
4870.666666666667,24716.333333333332,24183.333333333332,Firefox
4896.0,23243.0,23091.333333333332,Firefox
4930.333333333333,23589.333333333332,23800.333333333332,Firefox
4932.666666666667,24088.666666666668,24175.666666666668,Firefox
4939.666666666667,25186.333333333332,24310.666666666668,Firefox
4974.0,23610.333333333332,22848.0,Firefox
5021.666666666667,25520.333333333332,25223.666666666668,Firefox
5018.333333333333,24717.666666666668,24901.0,Firefox
5034.0,25012.0,24755.0,Firefox
5159.0,25502.333333333332,25388.666666666668,Firefox
